,제목,날자
0,신규 포털시스템 추가 오픈(5차) 안내,2021-03-10
1,교내 시스템별 사용 웹브라우저 안내,2021-02-03
2,[채용공고]한남대학교 산학협력단(무선통신융합지원사업단) 채용 공고(재공고),2021-05-28
3,[IPP일학습사업단] 2021-2학기 IPP장기현장실습 홍보설명회 실시(1차-06.04/2차-06.07),2021-05-27
4,explorer의 엣지 자동전환 해결방법 안내,2021-05-27
5,[외국어교육원] 2021 여름학기 T.S.S.C 토익특별장학생 온라인과정 모집,2021-05-27
6,[정치언론] KOBACO 광고교육원 공사 취업특강 진행 공지,2021-05-26
7,[LINC+현장실습] 2021-여름 단기현장실습((주)조선호텔앤리조트) 모집(~ 6/1 화 까지),2021-05-26
8,[LINC+현장실습] 2021-여름 단기현장실습(제주켄싱턴리조트) 모집(~ 6/7 월 까지),2021-05-26
9,[LINC+현장실습] 2021-여름 단기현장실습(제주해비치호텔앤리조드) 모집(~ 5/28 금 까지),2021-05-26
10,2021.06.14.부 비전임교원(초빙교원-연구전담교수)공개임용 공고,2021-05-25
11,[학생상담센터]서포터즈 선발 및 마음건강지킴이(또래상담) 양성프로그램 안내,2021-05-25
12,2021. 07. 01.부 사무직원 신입 채용 3차 실무진면접 합격자 명단 및 4차 경영진면접 전형 안내,2021-05-25
13,[인성플러스센터] 제2회 한남인성포럼 참석 신청 안내,2021-05-25
14,[외국어교육원] 외교원 프로그램 소개 동영상,2021-05-24
15,[외국어교육원] 2021학년도 여름학기 강좌 안내,2021-05-24
16,[대학혁신지원사업] 학생참여 대학혁신 사례영상 경진대회 개최 및 FAQ 안내,2021-05-24
17,[산학협력단] 한남대학교 에코사업단 기간제 계약직 및 파트타임 채용 공고,2021-05-24
18,[기록관리학교육원] 2021학년도 후기 신입생 모집 안내,2021-05-24
19,2021-2학기 1차 국가근로장학금 신청 안내(  ~ 6. 17일까지),2021-05-21
20,"[ICT교육원] AI/데이터 분석, 디지털 트랜스 포메이션 프로그램 강좌 개설! (2021학년도 여름학기",2021-05-21
21,[한국어교육원] 2021년 여름학기 정규과정 신입 강사 채용,2021-05-21
22,[무선통신융합지원사업단]차세대무선통신융합 지역거래 활성화를 위한 네트워크 및 마케팅 지원사업 수혜기업 모집,2021-05-21
23,[공모전] 중앙도서관 소통형 도서관 만들기 프로젝트,2021-05-21
24,[LINC+사업단] 취약계층 대상 가족사진촬영 프로그램 봉사자 모집(봉사시간 지급),2021-05-20
25,2021-2학기 국가장학금 신청안내(~6. 17까지),2021-05-20
26,[선착순 모집완료] 본관 6월 발열체크 봉사자 모집-봉사시간인정,2021-05-20
27,2021. 06. 01.부 계약직 채용 서류전형 합격자 명단 및 면접전형 안내,2021-05-20
28,[채용공고]한남대학교 산학협력단(무선통신융합지원사업단) 채용 공고(재공고),2021-05-20
29,[소공인특화지원센터] 소공인 공정 및 품질개선 지원사업 모집공고,2021-05-20
30,[06.11.(금)마감] 2021 데이터 청년 캠퍼스 교육생 모집 안내,2021-05-18
31,[외국어교육원] 해커스 인터넷강의 수강생 모집,2021-05-18
32,[교수학습센터]제6차 학습법 세미나_맞춤형 파워포인트 특강_중급(ZOOM 진행),2021-05-18
33,[국제교류팀] 2021-2022 카자흐스탄 정부초청 장학생 선발 안내,2021-05-18
34,2021학년도 독서문화상 시상계획 공지,2021-05-17
35,"[LINC+]학점받고 창업하자, 소상공창업스쿨 참여팀 모집(~5.27.)",2021-05-17
36,[중앙도서관] 2021학년도 ★독서문화상★ 시상계획 공지,2021-05-17
37,[미래차 사업단]2021 미래차 아이디어 경진대회 공고,2021-05-17
38,[LINC+] 2021년 전방위 수요자 맞춤형(On-demand) 기업 성장 All-set 지원 사업 모집,2021-05-17
39,[현장실습]2021-1학기 LINC+현장실습 수기 공모전 개최(~6.1까지)★1등상품30만원상당인사템!,2021-05-17
40,[LINC+] 2021 한남대학교 웹소설 공모전 참여 안내,2021-05-17
41,[교수학습센터] 2021-1학기 학습포트폴리오 공모전 모집 안내(장학금 지급!),2021-05-14
42,[학생복지팀] < 2021년 상반기 국립외교원 국민외교아카데미 대학생 외교 연수 과정 신청 접수 안내,2021-05-14
43,[창업보육센터]2021-3차 창업보육센터 신규 입주기업 모집 공고,2021-05-13
44,[경상대학] 취업멘토 프로그램 신청 안내,2021-05-12
45,[평생교육원]Social Beauty Academy ☆ 반영구 아트메이크업 1기 수강생 모집,2021-05-12
46,[대학혁신지원사업] 대학혁신지원사업 공식 홍보영상 공모전 개최 안내,2021-05-11
47,★ 발열체크-봉사시간 인정(선착순),2021-05-11
48,[외국어교육원] 온라인 모의토익 안내 (상시 응시 가능),2021-05-10
49,[무료수강] 2021-하계 계절학기 융합캡스톤디자인Ⅱ 교과목 수강생 모집 안내(~5/28까지),2021-05-10
50,[LINC+사업단] 21년도 산학공동기술(지식)개발과제 지원공고 연장안내(~05.14일까지),2021-05-10
51,[국가장학] 2021-1학기 코로나19 긴급 경제사정 곤란 대학생 장학금 신청 안내,2021-05-10
52,한남대학교 2021. 06. 01.부 계약직 채용 공고,2021-05-10
53,"[창업지원단, LINC+ 사업단, 한남사회혁신원] 2021년 창업동아리 2차 모집(~05.17)",2021-05-10
54,★ 발열체크-봉사시간 인정(선착순),2021-05-10
55,[한국어교육원]2021-1학기 한국어교육원 한국어능력시험 시행 안내,2021-05-07
56,[ICT교육원] IT 온라인 강의 수강생 모집 (1년/ 70여개 강좌 제공),2021-05-07
57,2021. 07. 01.부 사무직원 신입 채용 필기전형 합격자 명단 및 실무진면접 전형 안내,2021-05-07
58,[교수학습센터]제5차 학습법 세미나_맞춤형 파워포인트 특강_초급(ZOOM 진행),2021-05-07
59,[LINC+현장실습] 2021-여름 단기현장실습(제주 SK핀크스) 모집(~ 5/27 목 까지),2021-05-07
60,[마감] [발열체크 봉사활동] 56주년기념관 발열체크 봉사자 모집,2021-05-04
61,★사회문화*행정복지대학원 // 경영*국방전략대학원 모집,2021-05-04
62,'2021 캠퍼스 특허 유니버시아드' 안내,2021-05-04
63,[평생교육원]2021년 여름학기 일반교양강좌 수강생 모집,2021-05-04
64,[성폭력상담소]무야호~ 꼭! 보세요~(재학생 온라인 폭력예방교육 안내),2021-05-04
65,[채용공고]한남대학교 산학협력단(무선통신융합지원사업단) 채용 공고(추가 공고),2021-05-04
66,[학생상담센터] 마음건강케어 온라인 무료 심리검사(간이정신건강검사) 연장 실시 안내(-6.15),2021-05-04
67,[IPP일학습사업단] 2021학년도 2학기 IPP장기현장실습 학생모집 및 홍보설명회 안내,2021-05-03
68,"[국가시험지원센터] 공무원, 경찰 설명회 안내",2021-05-03
69,2021학년도 후기 일반대학원 신(편)입생 모집,2021-05-03
70,"[학술대회 5.22] 뉴노멀, 기독교학문 어떻게 할 것인가?",2021-04-30
71,★[현장실습] 2021-여름학기 및 2학기 LINC+현장실습 학생모집 설명회 자료 ★,2021-04-30
72,[서비스러닝센터] 2021-1학기 맞춤형 코너스톤 Project 참여팀 모집,2021-04-30
73,[산학협력단] 대덕밸리캠퍼스 정문 출입통제 및 발열체크 봉사자 모집,2021-04-30
74,[대학혁신사업단] HRI 융합프로젝트 프로그램 모집 공고,2021-04-29
75,[LINC+] 반도체 특수가스 취급실무 참여자 모집(4.29 ~),2021-04-29
76,2021. 05. 01.부 계약직 채용 최종 합격자 안내,2021-04-28
77,[교수학습센터]제4차 학습법 세미나_내안의 해답을 찾아서-마인드스토밍(ZOOM 진행),2021-04-28
78,[학생상담센터]자가진단테스트하고 기프티콘 받자!,2021-04-28
79,[채용공고]한남대학교 산학협력단(무선통신융합지원사업단) 채용 공고(재공고),2021-04-27
80,[LINC+사업단] 21년도 산학공동기술(지식)개발과제 지원공고 안내,2021-04-26
81,[LINC+사업단] 도시재생 서포터즈 모집 안내(~05.03.),2021-04-26
82,[대학혁신지원사업] 2021 대학혁신지원사업 총괄협의회 서포터즈 모집 공고,2021-04-23
83,[중앙도서관]셀프스튜디오 NEW OPEN★,2021-04-23
84,[선착순 모집 완료] 본관 5월 발열체크 봉사자 모집-봉사시간인정,2021-04-23
85,"주민·청년·상인이 함께하는 ""어반클럽 북적북적"" 참여자 모집",2021-04-23
86,[채용공고] K-디지털 직업훈련사업 행정직원 채용 공고,2021-04-21
87,2021학년도 신입생 대상 한남대학교 온라인광고 설문조사 당첨자 발표,2021-04-21
88,[학생상담센터]포스트코로나 마음건강공모전 안내,2021-04-20
89,2021. 07. 01.부 사무직원 신입 채용 서류전형 합격자 명단 및 필기전형 안내,2021-04-20
90,2021. 05. 01.부 계약직 채용 서류전형 합격자 명단 및 면접전형 안내,2021-04-20
91,2021년 청년 등 협동조합 창업팀 모집 웹포스터,2021-04-19
92,[대덕구]청년정책네트워크2기위원 모집,2021-04-19
93,"[창업지원단, LINC+ 사업단, 한남사회혁신원] 2021년 창업동아리 모집(~05.06)",2021-04-16
94,[인돈학술원] 2021학년도 1차 한남 창학정신 Luncheon Talk 개최 안내,2021-04-16
95,[건강관리센터] 2021학년도 에이즈 예방교육 신청 안내,2021-04-16
96,[채용공고]한남대학교 산학협력단(무선통신융합지원사업단) 채용 공고,2021-04-16
97,"[학생상담센터]친구야, 밥먹자!(건강한 대인관계 만들기)프로그램 안내",2021-04-15
98,[영상공모전] 2021학년도 한남대학교 학과홍보영상 콘테스트 개최 안내(기간 연장),2021-04-15
99,2021-1학기 한남최우수인재장학생 선발 공고,2021-04-15
100,탄소중립을 위한 '시민의대화' 참여자 모집,2021-04-15
101,1인 가구 주제 참여자 그룹 모집,2021-04-15
102,제7회 DB 글로벌 자산배분(GAPS) 투자대회,2021-04-15
103,★[LINC+현장실습]2021-여름학기 및 2학기 LINC+현장실습 참여 기업 모집 ★ (5/21 (금)까,2021-04-15
104,[이노폴리스캠퍼스사업단] 신입연구원 채용 재공고(~04.22),2021-04-14
105,[LINC+현장실습] 2021-여름&2학기 LINC+현장실습 학생모집 및 설명회 참가 신청(~4.23까지),2021-04-14
106,[마감]■ [발열체크]< 학생회관> 출입자통제 봉사학생 모집 (선착순 모집) ■,2021-04-14
107,[입학관리팀] 2022학년도 수시모집요강 제작업체 선정 공고,2021-04-14
108,[창업지원단] It's GHS 지역유관기관 연계 창업카페 멘토링,2021-04-14
109,시스템운영팀 계약조교 모집공고(접수마감 4월21일),2021-04-13
110,[학생상담센터]포스트코로나 한남게이트키퍼(생명사랑지킴이) 양성 프로그램 안내,2021-04-13
111,[인성플러스센터]Green Thumb(반려식물 키우기) 비교과 프로그램 모집 안내,2021-04-13
112,[교수학습센터]제3차 학습법 세미나_나만의 콘텐츠로 재탄생시키는 메모의 쓸모(ZOOM 진행),2021-04-12
113,2021년도 기업연계 청년기술 전문인력 육성사업 청년 기술사업화 전담인력 채용 모집 공고(전형일정 수정),2021-04-12
114,"[국어문화원] 대전광역시 우리말 가꿈이 4기 모집(대외 활동, 봉사시수 인정 등)",2021-04-09
115,[교수학습센터] 학습역량 강화 프로그램 안내,2021-04-08
116,"[원격교육지원센터] 인증서 갱신을 위한 CMS, Hi-Class 사용 일시 중단 안내",2021-04-08
117,한남대학교 2021. 05. 01.부 계약직 채용 공고,2021-04-08
118,[학생상담센터] 마음건강케어 온라인 무료 심리검사 실시 안내(-5.21),2021-04-08
119,[이노폴리스캠퍼스사업단] 창업아이템 검증프로그램 참가자 모집(~04.22),2021-04-07
120,(기간연장)[이노폴리스캠퍼스사업단] 학생창업 6개월 Challenge 참가자 모집(~04.25),2021-04-07
121,[인성플러스센터] 동행 비교과 프로그램 모집 안내,2021-04-07
122,2021학년도 한남대학교 직원장학회 장학생 선발결과 공고,2021-04-07
123,[교수학습센터] 2021-1학기 온라인 학습법 세미나 강의 콘텐츠 수강 안내,2021-04-06
124,2021. 07. 01.부 사무직원 신입 채용 공고,2021-04-06
125,[LINC+] 2021 학생창업유망팀 300 경진대회 참여학생 모집 안내,2021-04-06
126,[선착순모집완료] 본관 발열체크 봉사자 모집-봉사시간인정,2021-04-06
127,국방산업 클러스터 조성사업 「2021 첨단국방산업전」 참가기업 모집 공고,2021-04-06
128,[교수학습센터]제2차 학습법 세미나_코로나19 상황 속 N잡러의 창의적 사고(ZOOM 진행),2021-04-05
129,[심의신청일정 수정공지]2021-1차 기관생명윤리위원회(IRB)심의신청 안내,2021-04-02
130,[학생상담센터]온택트 찾아가는 심리교육(잃어버린 나를 찾아서!/자기이해3),2021-04-02
131,[학생상담센터]온택트 찾아가는 심리교육(정서의 지혜알기/스트레스3),2021-04-02
132,[학생상담센터]온택트 찾아가는 심리교육(건강한 관계를 위한 '관계코칭'/관계증진3),2021-04-02
133,[학생상담센터]온택트 찾아가는 심리교육(마음을 헤아리는 소통하기/관계증진2),2021-04-02
134,[학생상담센터]온택트 찾아가는 심리교육(내 감정이 나에게 말하는 것/자기이해2),2021-04-02
135,[학생상담센터]온택트 찾아가는 심리교육(이야기로 통하다/자기이해1),2021-04-02
136,[학생상담센터]온택트 찾아가는 심리교육(MBTI를 활용한 너 나 우리/관계증진1),2021-04-02
137,[학생상담센터]온택트 찾아가는 심리교육(스트레스 관리를 통한 심리적 안정 찾기/스트레스2),2021-04-02
138,[학생상담센터]온택트 찾아가는 심리교육(슬기로운 대학생활/스트레스1),2021-04-02
139,[학생복지팀] 2기 아너스장학생 대상  '인성교육 특별강좌' 안내,2021-04-02
140,[인성플러스센터] 늘품플러스 비교과 프로그램 모집 안내,2021-04-02
141,(기간연장)[이노폴리스캠퍼스사업단] 스타트업 서포터즈 모집(~4. 08),2021-04-01
142,[교수학습센터] 2021-1학기 학습법 길라잡이 모집 안내,2021-04-01
143,[사회봉사지원센터] 2021-1학기 보람장학금 선발 안내,2021-04-01
144,"[한국창의재단]2021년 대학생 교육기부사업 ""여름방학 온라인 쏙쏙캠프""참여 동아리 모집",2021-03-31
145,[우수장학] 2021학년도 3학년 대상 대통령과학장학금 학생 신청 안내,2021-03-31
146,2021년도 사회적기업 성장지원센터 국민참여예산 프로그램 모집 공고,2021-03-30
147,[교수학습센터] 2021-1학기 HNU스터디그룹 선정 안내,2021-03-30
148,2021년 3월 계약직 채용 최종 합격자 안내,2021-03-30
149,[중앙도서관] ★독서문화프로그램 Open(독서토론/영화토크..)★,2021-03-29
150,2021학년도 대학생활적응검사(1차) 및 진로발달검사 실시 안내,2021-03-29
151,"[창업지원단]창업 멘토링 지원- (사)한국액셀러레이터 협회, 신용보증기금",2021-03-29
152,[선착순모집완료] 본관 발열체크 봉사자 선착순 모집완료 - 봉사시간인정,2021-03-29
153,★ 언론사 취업준비를 위한 논술.시사상식 스터디 학생 모집 ★,2021-03-26
154,2021년 초기창업패키지 창업기업 모집 공고,2021-03-26
155,[창업보육센터] 2021-2차 창업보육센터 신규 입주기업 모집 공고,2021-03-26
156,2021년 3월 계약직 채용 서류전형 합격자 명단 및 면접전형 안내,2021-03-24
157,[선착순 모집완료] 본관 4월 발열체크 봉사자 모집-봉사시간인정,2021-03-23
158,한남대학교 캠퍼스 사진공모전(봄 편) 개최 안내,2021-03-23
159,[교수학습센터] 2021-1학기 HNU-학습튜터링Ⅰ 튜터 선발결과 안내,2021-03-23
160,[지역사랑기독RCC]장애인 인식 개선을 위한 수기 및 그림 공모전 개최 안내,2021-03-22
161,2021학년도 한남대학교 직원장학회 장학생 선발 안내,2021-03-22
162,[교수학습센터] 2021-1학기 학습컨설팅 모집(온오프라인 병행),2021-03-22
163,"[ICT교육원] AI/데이터 분석, 디지털 트랜스 포메이션 프로그램 강좌 개설! (2021학년도 봄학기 모",2021-03-22
164,(기간연장)[국가장학] 2021-1학기 고졸후학습자(희망사다리2유형) 장학금 신청 안내,2021-03-22
165,(기간연장)[국가장학] 2021-1학기 중소기업 취업연계(희망사다리1유형) 장학금 신청 안내,2021-03-22
166,[우수장학] 2021학년도 대통령과학장학금 학생 신청 안내,2021-03-19
167,[우수장학] 2021학년도 예술체육비전 신규장학생 선발 공고,2021-03-19
168,[우수장학] 2021학년도 인문100년 신규장학생 선발 공고,2021-03-19
169,[건축공학전공] 행정조교(공학인증담당)모집 공고,2021-03-19
170,[중앙도서관] 온라인 학습공간 New Open,2021-03-19
171,[한국어교육원] 2021년 봄학기 외국인 어학연수생 학습도우미 모집 안내,2021-03-19
172,[건강관리센터] 2021학년도 금연지원서비스 안내 (경력마일리지 10점),2021-03-18
173,2021년도 사회적기업 성장지원센터 입주기업 모집 재공고,2021-03-18
174,[중앙도서관] 2021학년도 학교현장실습생 도서 장기대출 시행 안내,2021-03-18
175,[이노폴리스캠퍼스사업단] 이노폴리스캠퍼스사업단 신규 채용 공고 기간연장(~3.19),2021-03-17
176,본교(오정동캠퍼스) 일부건물 및 일대 정전 안내[03월27일(토) 09:00-16:00],2021-03-17
177,2021. 04 .01.부 사무직원 신입 채용 최종 합격자 안내,2021-03-16
178,[학생상담센터]2021-1 모여랏! 20학번(자기성장 집단상담 프로그램),2021-03-16
179,[학생상담센터]2021-1 스트레스는 내 친구!(스트레스 관리 집단상담 프로그램),2021-03-16
180,[학생상담센터]2021-1 요가를 통한 힐링 테라피(요가 집단상담 프로그램),2021-03-16
181,[학생상담센터]2021-1 비대면 A+ 학습코칭(학습 집단상담 프로그램),2021-03-16
182,[학생상담센터]2021-1 못 찾겠다 꾀꼬리! 오늘 나는 술래(진로 집단상담 프로그램),2021-03-16
183,[학생상담센터]2021-1 진짜 나를 만나는 시간(자기성장 집단상담 프로그램),2021-03-16
184,[실전문제연구팀 모집] 2021년 현장맞춤형 이공계인재양성사업 연구팀 모집안내문,2021-03-16
185,시스템운영팀 계약조교 모집공고,2021-03-16
186,2021년 대형산불 특별대책기간 공고 알림,2021-03-16
187,한남대학교 캠퍼스 사진공모전(겨울편) 결과 안내,2021-03-16
188,[범죄학과] 교육·연구조교(장학조교) 모집공고,2021-03-15
189,Zoom 수업참여 학습공간 추가 안내,2021-03-15
190,[교수학습센터]제1차 학습법 세미나_비대면 상황에서의 자기주도학습법(ZOOM 진행),2021-03-15
191,[선착순모집완료] 본관 3월 발열체크 봉사자 모집-봉사시간인정,2021-03-15
192,셔틀버스 운행 시간표 조정 안내 (본교 - 대덕밸리캠퍼스),2021-03-12
193,"통학버스 운행 안내 (천안, 청주 운행 임시 중단)",2021-03-12
194,[외국어교육원] 토익특별장학생과정(T.S.S.C) 봄학기 강좌 안내 (수강신청 마감 임박),2021-03-12
195,[건강관리센터] 2021학년도 절주교육 안내,2021-03-12
196,한남대학교 2021년 3월 계약직 채용공고,2021-03-12
197,[이노폴리스캠퍼스사업단] 이노폴리스캠퍼스사업단 신규 채용 공고(~3.17),2021-03-11
198,[교수학습센터] 2021-1학기 HNU-학습튜터링Ⅰ 튜터 모집 안내,2021-03-11
199,[교수학습센터] 2021-1학기 학습법 세미나 일정 안내(ZOOM 진행),2021-03-11
200,[외국어교육원] 온라인 모의토익 안내 (상시 응시 가능),2021-03-10
201,[건강관리센터] 2021학년도 자궁경부암 예방접종 안내,2021-03-10
202,[국가장학] 2021-1학기 국가장학금 신청자 중 가구원 동의 안내,2021-03-10
203,[교수학습센터] 2021-1학기 HNU스터디그룹 모집 안내,2021-03-10
204,"[사회봉사지원센터] 2021-1학기 사회봉사교과목 (봉사활동Ⅰ, Ⅱ, Ⅲ 과목) 운영 계획",2021-03-09
205,[학생상담센터]학생상담센터 이용 안내,2021-03-09
206,[정치언론학과] 교육·연구조교(장학조교) 모집공고,2021-03-09
207,원격수업 참여를 위한 개방형 학습공간 운영 안내,2021-03-09
208,[국가장학] 2021학년도 인문100년 및 예술체육비전 신규장학생 선발 사전 공지,2021-03-08
209,[국가장학] 2021학년도 지역인재장학생 신규 선발 관련 사전 공지,2021-03-08
210,[국가장학] 2021-1학기 국가장학금 2차 신청 안내(마감임박),2021-03-08
211,청소근로 장학생 추가 합격자 발표,2021-03-08
212,[창업보육센터] 2021-1차 창업보육센터 신규 입주기업 모집 공고,2021-03-05
213,[외국어교육원] 2021학년도 봄학기 강좌 안내 (수강신청 마감 임박),2021-03-05
214,[이노폴리스캠퍼스사업단] HISTORY 투자설명회 경품추첨 당첨자 발표,2021-03-05
215,[홍보팀] 학생영상제작팀 모집 안내,2021-03-05
216,[행정학과] 교육·연구조교(장학조교) 모집공고,2021-03-05
217,[선착순모집완료 ] 본관 3월 발열체크 봉사자 모집-봉사시간인정,2021-03-04
218,마감 [발열체크]< 학생회관> 출입자통제 봉사학생 모집 (선착순 모집),2021-03-04
219,★한남대학교 제20기 학생홍보대사(HUA) 모집★,2021-03-04
220,2021.04.01.부 사무직원 신입 채용 실무진면접 합격자 명단 및 경영진면접 안내,2021-03-04
221,[창업지원단] IT'S GHS 지역유관기관연계 창업카페 3월 멘토링 HTQM에서 모집,2021-03-04
222,[창업지원단] IT'S GHS 지역유관기관 연계 창업카페 3월 특강시리즈 HTQM에서 신청!,2021-03-04
223,한남미디어센터 수습기자 모집안내,2021-03-04
224,★기한연장[이노폴리스캠퍼스사업단] HISTORY 투자설명회 참가자 모집(경품추첨)★,2021-03-03
225,[국제교류팀]2021-2022 이스라엘 정부초청 장학생 선발 안내,2021-03-03
226,[화학과] 행정조교 모집공고 (~3.8),2021-03-03
227,2021 신입생 법정의무교육 안내,2021-03-02
228,[교수학습센터] 2021학년도 시간제 학습컨설턴트 모집 공고,2021-03-02
229,◈ 추가 모집 -  2021학년도 1학기 청소근로장학생 모집 안내 ◈ - 전자메일접수 : wonjin@hn,2021-03-02
230,수강신청 확인 및 변경 - 바로가기,2021-03-01
231,Hi-Class 사용 일시 중단 안내,2021-03-01
232,2021학년도 1학기 비전임교원 채용 신규임용 후보자 안내(5차),2021-02-26
233,2021-1학기 청소 근로 장학생 합격자 명단 안내,2021-02-26
234,[중앙도서관] 2021학년도 1학기 중앙도서관 운영시간 안내,2021-02-26
235,[2021 신입생 대상] 휴일 학자금대출 시행 관련 안내,2021-02-26
236,2021학년도 1학기 비전임교원 채용 신규임용 후보자 안내(4차),2021-02-25
237,[학자금대출] 2021-1학기 학자금대출 신청 안내,2021-02-25
238,2021년 2월 계약직 채용 최종합격자 안내,2021-02-25
239,[정치언론학과] 교육·연구조교(장학조교) 모집공고,2021-02-24
240,2021학년도 1학기 비전임교원 채용 신규임용 후보자 안내(3차),2021-02-24
241,"(긴급)본교 내선전화 외부 수신, 발신 이용불가 안내",2021-02-24
242,셔틀버스 운행시간 안내,2021-02-23
243,[LINC+사업단] 2021년도 보행보조기 제작 리빙랩 동아리 모집안내(3/12까지),2021-02-23
244,신입생/편입생을 위한 Hi-Class 사용법 안내,2021-02-23
245,[외국어교육원] 2021-1학기 SNS 홍보대사 모집,2021-02-23
246,[긴급] Hi-Class 오픈 접근 가능 안내,2021-02-23
247,[한남교육사랑] 대학생 교육기부 강사 모집 공고,2021-02-23
248,[선착순 모집 완료] 본관 3월 발열체크 봉사자 모집-봉사시간인정,2021-02-23
249,[대학혁신사업팀]비대면 시대의 교육모델 우수사례 공모전 : 학생 학습 성과 공유회 심사결과 안내,2021-02-22
